run_id,feature_name,importance_gain_mean,importance_gain_std,importance_rank
20260119_024933,EXT_SOURCE_3,131397.37433247565,1749.015195489779,1
20260119_024933,EXT_SOURCE_2,120724.32209696769,2884.076574671517,2
20260119_024933,EXT_SOURCE_1,41301.11236653328,943.8309686988292,3
20260119_024933,PAYMENT_RATE,30543.06300239563,885.872151328381,4
20260119_024933,DAYS_EMPLOYED,20878.554263162612,840.1644105559835,5
20260119_024933,DAYS_BIRTH,19146.5475130558,1022.4710457129745,6
20260119_024933,AMT_ANNUITY,15136.29538860321,279.25128498600014,7
20260119_024933,INSTAL_DPD_MEAN,13263.351276397705,1100.7418606472288,8
20260119_024933,APPROVED_CNT_PAYMENT_MEAN,11412.051947402953,560.190908987238,9
20260119_024933,DAYS_EMPLOYED_PERC,10822.501003551482,1410.8604738701579,10
20260119_024933,PREV_CNT_PAYMENT_MEAN,10050.210032463074,550.2045521844705,11
20260119_024933,CODE_GENDER,9918.192822170258,435.7037464388986,12
20260119_024933,ANNUITY_INCOME_PERC,9894.83156633377,1091.435788334279,13
20260119_024933,DAYS_ID_PUBLISH,9458.682853794098,650.3706717469757,14
20260119_024933,ACTIVE_DAYS_CREDIT_MAX,9349.348572063445,434.85356670002494,15
20260119_024933,AMT_GOODS_PRICE,9077.33864774704,828.129169520302,16
20260119_024933,AMT_CREDIT,9038.218583965301,750.4362271171602,17
20260119_024933,INSTAL_AMT_PAYMENT_SUM,8707.781898164749,285.5484176600734,18
20260119_024933,OWN_CAR_AGE,8636.299688529969,728.7152875801354,19
20260119_024933,INSTAL_DAYS_ENTRY_PAYMENT_MAX,8141.033420610428,461.8002226945045,20
20260119_024933,DAYS_REGISTRATION,7803.227494192123,821.139684558372,21
20260119_024933,INSTAL_DBD_SUM,7489.063805866242,752.9054243965779,22
20260119_024933,POS_MONTHS_BALANCE_SIZE,7293.684587097168,379.63742442790965,23
20260119_024933,CC_CNT_DRAWINGS_ATM_CURRENT_MEAN,7243.019579935074,1149.678384261438,24
20260119_024933,ACTIVE_DAYS_CREDIT_ENDDATE_MIN,7120.941850280762,323.2837118870857,25
20260119_024933,BURO_AMT_CREDIT_MAX_OVERDUE_MEAN,7059.718999958039,88.79773580086304,26
20260119_024933,INSTAL_PAYMENT_PERC_MEAN,6954.152488422394,196.09117460859673,27
20260119_024933,DAYS_LAST_PHONE_CHANGE,6931.48344783783,562.9504421887597,28
20260119_024933,BURO_DAYS_CREDIT_MAX,6582.072853088379,903.8898199009889,29
20260119_024933,INSTAL_AMT_PAYMENT_MIN,6408.871925497055,430.3710101411438,30
20260119_024933,BURO_AMT_CREDIT_SUM_DEBT_MEAN,6355.171425819397,550.3432126072918,31
20260119_024933,NAME_EDUCATION_TYPE_Higher_education,6236.673223304749,700.412556609215,32
20260119_024933,CLOSED_DAYS_CREDIT_MAX,6148.7148094654085,592.840358105101,33
20260119_024933,CLOSED_DAYS_CREDIT_ENDDATE_MAX,5996.309227609634,698.8583753288586,34
20260119_024933,INCOME_CREDIT_PERC,5918.266272544861,589.9466824392355,35
20260119_024933,INSTAL_DAYS_ENTRY_PAYMENT_SUM,5887.502385425568,137.22078870558948,36
20260119_024933,INSTAL_DBD_MEAN,5845.851233386993,781.170674456349,37
20260119_024933,PREV_APP_CREDIT_PERC_MEAN,5794.219925498963,607.4287927421735,38
20260119_024933,REGION_POPULATION_RELATIVE,5598.188759088516,489.2338865697732,39
20260119_024933,BURO_DAYS_CREDIT_MEAN,5519.071116638183,589.7720089113035,40
20260119_024933,INSTAL_DAYS_ENTRY_PAYMENT_MEAN,5434.035552978516,446.28598149179436,41
20260119_024933,ACTIVE_DAYS_CREDIT_ENDDATE_MEAN,5398.168272876739,466.95998780013633,42
20260119_024933,APPROVED_DAYS_DECISION_MAX,5343.456784582138,409.58789096552505,43
20260119_024933,APPROVED_AMT_DOWN_PAYMENT_MAX,5334.564347743988,357.6722749040926,44
20260119_024933,ACTIVE_DAYS_CREDIT_UPDATE_MEAN,5313.069802284241,549.1483614101701,45
20260119_024933,PREV_APP_CREDIT_PERC_MIN,5223.948015975952,794.3742552616346,46
20260119_024933,PREV_NAME_YIELD_GROUP_high_MEAN,5201.876150894165,274.09766365619805,47
20260119_024933,CLOSED_AMT_CREDIT_SUM_MEAN,5034.359910488129,627.6271558812964,48
20260119_024933,ACTIVE_DAYS_CREDIT_ENDDATE_MAX,5033.669746112823,488.256880182317,49
20260119_024933,POS_NAME_CONTRACT_STATUS_Active_MEAN,5019.701706314087,611.4473913597474,50
20260119_024933,PREV_APP_CREDIT_PERC_VAR,5018.8719584465025,901.45894316523,51
20260119_024933,BURO_DAYS_CREDIT_ENDDATE_MAX,4969.098684692382,566.5644836885224,52
20260119_024933,INSTAL_PAYMENT_DIFF_MEAN,4955.730345058441,259.6223794990352,53
20260119_024933,CLOSED_AMT_CREDIT_SUM_SUM,4905.427007627487,482.7338586780292,54
20260119_024933,POS_SK_DPD_DEF_MEAN,4881.478202438355,424.6429339900947,55
20260119_024933,INSTAL_AMT_PAYMENT_MEAN,4879.261013698578,341.93538489288267,56
20260119_024933,ACTIVE_AMT_CREDIT_SUM_SUM,4877.1376173973085,232.60935884763597,57
20260119_024933,ACTIVE_AMT_CREDIT_SUM_DEBT_MEAN,4814.633950710297,372.72940067999343,58
20260119_024933,PREV_NAME_CONTRACT_STATUS_Refused_MEAN,4761.869788122177,307.8127600750542,59
20260119_024933,CLOSED_DAYS_CREDIT_VAR,4727.671894025802,559.7896983670597,60
20260119_024933,POS_MONTHS_BALANCE_MEAN,4627.849803543091,330.1249061893253,61
20260119_024933,APPROVED_AMT_ANNUITY_MEAN,4624.30274591446,480.8627903300539,62
20260119_024933,BURO_AMT_CREDIT_SUM_MEAN,4595.876058006286,460.11516801641227,63
20260119_024933,ACTIVE_DAYS_CREDIT_MEAN,4546.387845230102,311.77730630176734,64
20260119_024933,PREV_DAYS_DECISION_MAX,4457.866202354431,376.8101204704223,65
20260119_024933,BURO_DAYS_CREDIT_VAR,4439.5631737709045,548.6606138025539,66
20260119_024933,APPROVED_APP_CREDIT_PERC_VAR,4407.1615449428555,521.1858013469308,67
20260119_024933,ACTIVE_AMT_CREDIT_MAX_OVERDUE_MEAN,4391.8812629699705,316.80198435012977,68
20260119_024933,PREV_HOUR_APPR_PROCESS_START_MEAN,4391.61069149971,488.9559992432147,69
20260119_024933,BURO_DAYS_CREDIT_ENDDATE_MEAN,4384.533477640152,345.79998816893664,70
20260119_024933,INSTAL_DBD_MAX,4382.921294879913,226.30076976521616,71
20260119_024933,CLOSED_AMT_CREDIT_SUM_MAX,4198.225116157531,386.1498209867503,72
20260119_024933,BURO_AMT_CREDIT_SUM_SUM,4197.696977806091,476.0649366021939,73
20260119_024933,INSTAL_AMT_INSTALMENT_MAX,4143.902865219116,665.1495321663105,74
20260119_024933,INCOME_PER_PERSON,4143.186960840225,332.91380180141664,75
20260119_024933,INSTAL_AMT_INSTALMENT_SUM,4080.3254487991335,224.12019969358047,76
20260119_024933,INSTAL_AMT_PAYMENT_MAX,4062.448690509796,489.21442351581896,77
20260119_024933,PREV_AMT_DOWN_PAYMENT_MAX,4045.7595125198363,159.29451391456433,78
20260119_024933,PREV_AMT_ANNUITY_MEAN,4025.353574562073,358.96743300569125,79
20260119_024933,POS_NAME_CONTRACT_STATUS_Completed_MEAN,3997.96949930191,720.6038002967344,80
20260119_024933,APPROVED_APP_CREDIT_PERC_MEAN,3897.7527231693266,526.842326505244,81
20260119_024933,ACTIVE_AMT_CREDIT_SUM_MEAN,3879.8554998397826,527.1946613459542,82
20260119_024933,PREV_DAYS_DECISION_MEAN,3859.7212743759155,370.6789469718031,83
20260119_024933,INSTAL_PAYMENT_DIFF_MAX,3833.6189891815184,363.8585252846291,84
20260119_024933,BURO_DAYS_CREDIT_UPDATE_MEAN,3823.8138010025023,480.22877678922663,85
20260119_024933,INSTAL_PAYMENT_PERC_SUM,3787.576075553894,328.88273507157044,86
20260119_024933,POS_MONTHS_BALANCE_MAX,3760.0550312042237,573.9296979380644,87
20260119_024933,BURO_AMT_CREDIT_SUM_MAX,3728.760949707031,534.8614676706014,88
20260119_024933,PREV_AMT_ANNUITY_MIN,3712.591695213318,368.4111670254259,89
20260119_024933,CLOSED_DAYS_CREDIT_UPDATE_MEAN,3692.2716232299804,258.1899337787675,90
20260119_024933,CC_CNT_DRAWINGS_CURRENT_VAR,3671.661738014221,503.7535095860458,91
20260119_024933,ACTIVE_DAYS_CREDIT_VAR,3668.7525310516357,436.22580774747104,92
20260119_024933,APPROVED_AMT_ANNUITY_MAX,3645.6753566741945,356.3685448896545,93
20260119_024933,APPROVED_HOUR_APPR_PROCESS_START_MEAN,3631.3144490242003,540.2587441180264,94
20260119_024933,REFUSED_DAYS_DECISION_MAX,3591.493360042572,272.3117480641602,95
20260119_024933,ACTIVE_AMT_CREDIT_SUM_DEBT_SUM,3582.908045101166,531.5158659979779,96
20260119_024933,APPROVED_APP_CREDIT_PERC_MIN,3560.307259750366,404.9993036129964,97
20260119_024933,PREV_NAME_CONTRACT_STATUS_Approved_MEAN,3542.248355674744,236.72444956069592,98
20260119_024933,APPROVED_CNT_PAYMENT_SUM,3541.8493250846864,354.11763731180287,99
20260119_024933,FLAG_DOCUMENT_3,3418.0379920482637,493.6961688964837,100
20260119_024933,CC_CNT_DRAWINGS_ATM_CURRENT_VAR,3360.8440278053286,829.1042885544496,101
20260119_024933,PREV_NAME_TYPE_SUITE_nan_MEAN,3318.846789264679,186.6850671602982,102
20260119_024933,ACTIVE_AMT_CREDIT_SUM_MAX,3318.806411266327,299.07422985283205,103
20260119_024933,APPROVED_AMT_ANNUITY_MIN,3313.825136756897,251.60500578088448,104
20260119_024933,APPROVED_APP_CREDIT_PERC_MAX,3290.973934841156,326.2811319858126,105
20260119_024933,PREV_DAYS_DECISION_MIN,3249.707981872559,455.6507804850704,106
20260119_024933,APPROVED_DAYS_DECISION_MEAN,3209.4776470184324,139.45209021515757,107
20260119_024933,PREV_NAME_TYPE_SUITE_Unaccompanied_MEAN,3198.482905578613,323.0556005097675,108
20260119_024933,AMT_INCOME_TOTAL,3197.81836605072,402.79667365335234,109
20260119_024933,ACTIVE_DAYS_CREDIT_MIN,3187.006243419647,415.84821618929004,110
20260119_024933,ACTIVE_AMT_CREDIT_SUM_DEBT_MAX,3171.007431745529,291.20732043409197,111
20260119_024933,CLOSED_DAYS_CREDIT_ENDDATE_MEAN,3165.214419269562,378.18167845681006,112
20260119_024933,APPROVED_DAYS_DECISION_MIN,3109.657169723511,543.3300999849714,113
20260119_024933,INSTAL_AMT_INSTALMENT_MEAN,3080.6030534744264,319.65447690004277,114
20260119_024933,BURO_CREDIT_TYPE_Microloan_MEAN,3057.3515536308287,325.54019634977624,115
20260119_024933,CC_CNT_DRAWINGS_CURRENT_MEAN,3033.295707798004,480.9401477220966,116
20260119_024933,PREV_AMT_DOWN_PAYMENT_MEAN,3029.023618221283,336.23549179862727,117
20260119_024933,PREV_APP_CREDIT_PERC_MAX,3016.3662906646728,521.3325541490792,118
20260119_024933,NAME_EDUCATION_TYPE_Secondary_secondary_special,3014.4288425445557,308.98857992441805,119
20260119_024933,CLOSED_DAYS_CREDIT_MEAN,2954.1826568603515,241.47846609725096,120
20260119_024933,BURO_AMT_CREDIT_SUM_DEBT_SUM,2932.879375267029,308.8861408789665,121
20260119_024933,NAME_FAMILY_STATUS_Married,2893.6245013237,188.0217484399716,122
20260119_024933,PREV_NAME_YIELD_GROUP_middle_MEAN,2886.03494386673,428.6745099570295,123
20260119_024933,INSTAL_PAYMENT_DIFF_SUM,2877.044784402847,394.4368673239162,124
20260119_024933,BURO_CREDIT_ACTIVE_Closed_MEAN,2868.4015885353087,301.8655126221764,125
20260119_024933,BURO_DAYS_CREDIT_MIN,2817.1001291275024,200.4385725067081,126
20260119_024933,CLOSED_DAYS_CREDIT_MIN,2807.4925129890444,389.5916086136999,127
20260119_024933,CLOSED_AMT_CREDIT_MAX_OVERDUE_MEAN,2793.100461578369,219.5872575175598,128
20260119_024933,PREV_AMT_GOODS_PRICE_MIN,2789.4663655281065,437.44831188394124,129
20260119_024933,TOTALAREA_MODE,2786.3170983314512,583.2651725076308,130
20260119_024933,APPROVED_AMT_CREDIT_MIN,2732.7422291755674,330.203018124104,131
20260119_024933,APPROVED_AMT_CREDIT_MAX,2724.3512128829957,247.65708802473466,132
20260119_024933,PREV_RATE_DOWN_PAYMENT_MEAN,2705.3134271621702,311.5898364493389,133
20260119_024933,BURO_AMT_CREDIT_SUM_DEBT_MAX,2703.1224390029906,393.53148022910017,134
20260119_024933,ACTIVE_AMT_CREDIT_SUM_LIMIT_MEAN,2702.0330642700196,398.79857486471775,135
20260119_024933,INSTAL_PAYMENT_PERC_VAR,2646.544827413559,265.67119464495653,136
20260119_024933,PREV_AMT_ANNUITY_MAX,2614.6355690956116,333.88599196924383,137
20260119_024933,BURO_DAYS_CREDIT_ENDDATE_MIN,2612.4138644218447,297.854713971131,138
20260119_024933,PREV_RATE_DOWN_PAYMENT_MAX,2591.1192770004272,246.54936938088164,139
20260119_024933,APPROVED_AMT_GOODS_PRICE_MIN,2565.742275428772,281.2739220425757,140
20260119_024933,BURO_CREDIT_TYPE_Credit_card_MEAN,2544.0824259757997,259.5038182680504,141
20260119_024933,CLOSED_DAYS_CREDIT_ENDDATE_MIN,2525.986916446686,330.80713577301714,142
20260119_024933,PREV_NAME_YIELD_GROUP_low_normal_MEAN,2485.530399131775,300.58786071176075,143
20260119_024933,PREV_CNT_PAYMENT_SUM,2485.017389965057,256.20789811177616,144
20260119_024933,PREV_NAME_PRODUCT_TYPE_walk_in_MEAN,2467.2165746688843,494.73888403840454,145
20260119_024933,APPROVED_AMT_DOWN_PAYMENT_MEAN,2439.7533407211304,173.15333777860053,146
20260119_024933,APPROVED_RATE_DOWN_PAYMENT_MAX,2428.6499173164366,332.8210389447163,147
20260119_024933,INSTAL_DPD_MAX,2380.9592270374296,499.6807071618623,148
20260119_024933,PREV_NAME_CLIENT_TYPE_New_MEAN,2365.5284653663634,348.3447822792569,149
20260119_024933,HOUR_APPR_PROCESS_START,2327.8173546791077,270.3143081679899,150
20260119_024933,REFUSED_APP_CREDIT_PERC_MIN,2318.787429714203,175.39108522512544,151
20260119_024933,APPROVED_AMT_APPLICATION_MIN,2300.730090045929,177.54146446453225,152
20260119_024933,PREV_AMT_APPLICATION_MEAN,2296.921273994446,311.0298589904245,153
20260119_024933,PREV_WEEKDAY_APPR_PROCESS_START_THURSDAY_MEAN,2293.4987802505493,421.4608165702382,154
20260119_024933,INSTAL_DPD_SUM,2268.9329886436462,189.66834768990074,155
20260119_024933,REGION_RATING_CLIENT_W_CITY,2266.6909613609314,86.71414117063574,156
20260119_024933,INSTAL_PAYMENT_DIFF_VAR,2238.2346914291384,251.7101558638034,157
20260119_024933,REFUSED_DAYS_DECISION_MEAN,2225.669085264206,465.85718767181964,158
20260119_024933,PREV_AMT_CREDIT_MEAN,2220.17022857666,159.69836198163242,159
20260119_024933,APPROVED_RATE_DOWN_PAYMENT_MEAN,2201.8887440681456,273.53504062732526,160
20260119_024933,PREV_NAME_YIELD_GROUP_low_action_MEAN,2184.5826614379885,381.7926756088297,161
20260119_024933,PREV_NAME_SELLER_INDUSTRY_Connectivity_MEAN,2172.5370873451234,231.4027658301292,162
20260119_024933,PREV_CHANNEL_TYPE_Country_wide_MEAN,2151.3851189613342,286.8826575614561,163
20260119_024933,INSTAL_COUNT,2144.2246236801147,239.53367785545808,164
20260119_024933,PREV_NAME_SELLER_INDUSTRY_Consumer_electronics_MEAN,2133.783204650879,411.2028348766976,165
20260119_024933,DEF_30_CNT_SOCIAL_CIRCLE,2113.0944118022917,580.2813412320685,166
20260119_024933,BURO_CREDIT_TYPE_Consumer_credit_MEAN,2102.5560314178465,110.40948799288695,167
20260119_024933,PREV_WEEKDAY_APPR_PROCESS_START_MONDAY_MEAN,2040.0955202102662,220.01926847500482,168
20260119_024933,PREV_AMT_CREDIT_MAX,2018.6075701713562,136.50131254200693,169
20260119_024933,REFUSED_AMT_CREDIT_MIN,2017.2826167106628,319.9375357421211,170
20260119_024933,BURO_STATUS_0_MEAN_MEAN,1992.1960648059844,199.13234769471845,171
20260119_024933,APPROVED_HOUR_APPR_PROCESS_START_MAX,1986.5227312088014,306.16730554961964,172
20260119_024933,PREV_CODE_REJECT_REASON_XAP_MEAN,1984.1511315345765,177.9704243057533,173
20260119_024933,PREV_WEEKDAY_APPR_PROCESS_START_FRIDAY_MEAN,1983.7089964866639,286.3451780109196,174
20260119_024933,BURO_CREDIT_ACTIVE_Active_MEAN,1956.36132106781,148.13233791676052,175
20260119_024933,PREV_AMT_GOODS_PRICE_MEAN,1944.7380728721619,327.56095608960817,176
20260119_024933,PREV_AMT_CREDIT_MIN,1916.8457310676574,108.9770652266404,177
20260119_024933,APPROVED_AMT_APPLICATION_MAX,1893.315018606186,121.55126002522707,178
20260119_024933,APPROVED_AMT_CREDIT_MEAN,1892.2461245536804,240.06630579343758,179
20260119_024933,PREV_WEEKDAY_APPR_PROCESS_START_WEDNESDAY_MEAN,1853.8768879890442,224.28030770778622,180
20260119_024933,NAME_INCOME_TYPE_Working,1814.1097659111024,388.1390857373331,181
20260119_024933,PREV_WEEKDAY_APPR_PROCESS_START_SATURDAY_MEAN,1804.3766876220702,129.99697757948164,182
20260119_024933,REFUSED_DAYS_DECISION_MIN,1777.4846654891967,145.53692345893745,183
20260119_024933,REFUSED_APP_CREDIT_PERC_MEAN,1777.4250086784364,236.36501242706225,184
20260119_024933,YEARS_BEGINEXPLUATATION_MODE,1775.2927802085876,184.60209026873912,185
20260119_024933,PREV_NAME_YIELD_GROUP_XNA_MEAN,1746.8358672142028,82.74951606557252,186
20260119_024933,BURO_AMT_CREDIT_SUM_LIMIT_MEAN,1744.438844203949,482.3575364706556,187
20260119_024933,APPROVED_AMT_APPLICATION_MEAN,1736.1331475257873,264.6014144658075,188
20260119_024933,PREV_PRODUCT_COMBINATION_POS_household_with_interest_MEAN,1734.3575527191163,347.21550338842,189
20260119_024933,PREV_WEEKDAY_APPR_PROCESS_START_TUESDAY_MEAN,1729.7853250980377,107.77155077485911,190
20260119_024933,APPROVED_AMT_GOODS_PRICE_MEAN,1684.2985394477844,191.4420392047935,191
20260119_024933,PREV_NAME_PAYMENT_TYPE_XNA_MEAN,1672.9819823265075,160.9923960781711,192
20260119_024933,NAME_CONTRACT_TYPE_Cash_loans,1661.707783794403,235.38574847149036,193
20260119_024933,PREV_HOUR_APPR_PROCESS_START_MAX,1648.0365664482117,201.23190764380158,194
20260119_024933,PREV_NAME_PAYMENT_TYPE_Cash_through_the_bank_MEAN,1641.7388954162598,278.9950060319848,195
20260119_024933,PREV_CHANNEL_TYPE_Credit_and_cash_offices_MEAN,1629.7232583999635,304.37918338258413,196
20260119_024933,BURO_CREDIT_TYPE_Mortgage_MEAN,1617.1501040935516,232.10776440063438,197
20260119_024933,PREV_AMT_APPLICATION_MIN,1598.1550422668456,192.19760443033985,198
20260119_024933,PREV_NAME_PRODUCT_TYPE_XNA_MEAN,1593.7004828453064,126.50026569573889,199
20260119_024933,PREV_PRODUCT_COMBINATION_Cash_X_Sell_low_MEAN,1581.3115445137023,151.4586889203676,200
20260119_024933,BURO_STATUS_C_MEAN_MEAN,1573.4618969917296,167.50465340097077,201
20260119_024933,PREV_CHANNEL_TYPE_Stone_MEAN,1564.4765276908875,179.33297020636846,202
20260119_024933,REFUSED_CNT_PAYMENT_MEAN,1526.3432123184205,255.6219223295832,203
20260119_024933,LIVINGAREA_MODE,1509.4227479934693,301.5058860554708,204
20260119_024933,BURO_STATUS_1_MEAN_MEAN,1507.908396434784,346.63585825599927,205
20260119_024933,APARTMENTS_MODE,1504.2320902824401,182.4564697415911,206
20260119_024933,PREV_NAME_TYPE_SUITE_Family_MEAN,1499.795347595215,138.23824028153845,207
20260119_024933,APPROVED_RATE_DOWN_PAYMENT_MIN,1485.7341930866241,210.56854318456894,208
20260119_024933,CC_AMT_DRAWINGS_ATM_CURRENT_MEAN,1484.6623489379883,231.1310733609145,209
20260119_024933,BURO_STATUS_X_MEAN_MEAN,1477.7304332733154,233.3189498434939,210
20260119_024933,PREV_NAME_CLIENT_TYPE_Repeater_MEAN,1477.0885872840881,284.79502992345095,211
20260119_024933,LIVINGAREA_AVG,1446.2103249549866,280.46370761089423,212
20260119_024933,REFUSED_AMT_ANNUITY_MIN,1444.3852338790894,269.37159129037576,213
20260119_024933,ACTIVE_MONTHS_BALANCE_SIZE_MEAN,1439.8143154144286,249.87650559156455,214
20260119_024933,PREV_NAME_PRODUCT_TYPE_x_sell_MEAN,1416.2446494102478,210.90413217210784,215
20260119_024933,CC_AMT_CREDIT_LIMIT_ACTUAL_MEAN,1408.9991772651672,202.6457255054318,216
20260119_024933,REFUSED_HOUR_APPR_PROCESS_START_MEAN,1397.2787672996521,154.0741202758628,217
20260119_024933,LANDAREA_MODE,1369.669936275482,140.37965324673382,218
20260119_024933,APARTMENTS_AVG,1364.357310295105,247.13372709290735,219
20260119_024933,YEARS_BEGINEXPLUATATION_MEDI,1363.9814377784728,105.57730016819822,220
20260119_024933,BASEMENTAREA_MODE,1348.529188632965,343.49751672451333,221
20260119_024933,APPROVED_AMT_DOWN_PAYMENT_MIN,1347.9882816314698,270.72470578632533,222
20260119_024933,PREV_PRODUCT_COMBINATION_Cash_X_Sell_high_MEAN,1339.0104274749756,139.30085877784435,223
20260119_024933,YEARS_BEGINEXPLUATATION_AVG,1336.4599957466125,256.76242473289034,224
20260119_024933,PREV_RATE_DOWN_PAYMENT_MIN,1309.2481472015381,272.62872413577855,225
20260119_024933,PREV_NAME_GOODS_CATEGORY_Mobile_MEAN,1307.6968190193177,141.26380916477217,226
20260119_024933,BURO_MONTHS_BALANCE_SIZE_SUM,1293.4552255630492,179.32376397429636,227
20260119_024933,LANDAREA_AVG,1275.2422071933747,199.57487109000232,228
20260119_024933,PREV_AMT_APPLICATION_MAX,1261.931358242035,114.66015864249198,229
20260119_024933,CLOSED_MONTHS_BALANCE_SIZE_MEAN,1250.376369380951,265.15889661712544,230
20260119_024933,PREV_CODE_REJECT_REASON_HC_MEAN,1246.9884495735168,128.3109866960028,231
20260119_024933,BURO_MONTHS_BALANCE_SIZE_MEAN,1245.423057603836,293.75598179009313,232
20260119_024933,REFUSED_AMT_ANNUITY_MAX,1233.392464542389,227.4823769792472,233
20260119_024933,BURO_AMT_CREDIT_SUM_OVERDUE_MEAN,1230.5281854629516,368.5980505541683,234
20260119_024933,APPROVED_AMT_GOODS_PRICE_MAX,1223.2287991046906,125.7400187080512,235
20260119_024933,PREV_NAME_PORTFOLIO_POS_MEAN,1214.854577255249,106.79631452181579,236
20260119_024933,CC_AMT_PAYMENT_CURRENT_MEAN,1209.0177809715271,107.28931976028103,237
20260119_024933,REFUSED_APP_CREDIT_PERC_VAR,1206.9360718727112,184.4429563867507,238
20260119_024933,PREV_PRODUCT_COMBINATION_POS_mobile_with_interest_MEAN,1193.0776390075685,133.95173669714703,239
20260119_024933,INSTAL_NUM_INSTALMENT_VERSION_NUNIQUE,1189.4149955749513,268.69604487279844,240
20260119_024933,PREV_NAME_PORTFOLIO_Cash_MEAN,1185.0693293571471,256.59134330347365,241
20260119_024933,POS_SK_DPD_MEAN,1184.584370326996,54.010260241356704,242
20260119_024933,APPROVED_HOUR_APPR_PROCESS_START_MIN,1182.9807047843933,299.42534269003187,243
20260119_024933,PREV_NAME_SELLER_INDUSTRY_XNA_MEAN,1182.2047961235046,222.8632631948562,244
20260119_024933,CLOSED_MONTHS_BALANCE_SIZE_SUM,1180.9248240947722,193.8026600523479,245
20260119_024933,PREV_WEEKDAY_APPR_PROCESS_START_SUNDAY_MEAN,1180.2537692546844,205.917429552049,246
20260119_024933,NONLIVINGAREA_AVG,1178.6989711761476,163.40233058871004,247
20260119_024933,PREV_HOUR_APPR_PROCESS_START_MIN,1176.8284693717956,113.05337925428178,248
20260119_024933,CC_AMT_BALANCE_MEAN,1172.0039712905884,192.9989645725402,249
20260119_024933,PREV_NAME_CASH_LOAN_PURPOSE_XNA_MEAN,1169.3619815826416,215.19820844778258,250
20260119_024933,OBS_60_CNT_SOCIAL_CIRCLE,1163.3840819358825,233.35458504172706,251
20260119_024933,REG_CITY_NOT_LIVE_CITY,1149.6190232276917,131.98473745493754,252
20260119_024933,BASEMENTAREA_AVG,1137.761667728424,308.48657376141136,253
20260119_024933,POS_SK_DPD_DEF_MAX,1136.1350642204284,207.35184287191737,254
20260119_024933,LANDAREA_MEDI,1134.4001737594604,149.28698900679186,255
20260119_024933,DEF_60_CNT_SOCIAL_CIRCLE,1120.137365961075,275.0924407874029,256
20260119_024933,PREV_NAME_CLIENT_TYPE_Refreshed_MEAN,1116.8087691307069,131.79127684898637,257
20260119_024933,FLAG_WORK_PHONE,1112.8408247470857,211.98570797925646,258
20260119_024933,PREV_AMT_DOWN_PAYMENT_MIN,1108.4909940719604,110.7080679658322,259
20260119_024933,OBS_30_CNT_SOCIAL_CIRCLE,1105.3301370620727,29.187190055997984,260
20260119_024933,AMT_REQ_CREDIT_BUREAU_YEAR,1105.0206851959229,278.77418660654234,261
20260119_024933,REFUSED_APP_CREDIT_PERC_MAX,1104.4712423324586,91.25825215099188,262
20260119_024933,LIVINGAREA_MEDI,1103.5565883636475,150.72738863215037,263
20260119_024933,ACTIVE_MONTHS_BALANCE_SIZE_SUM,1100.1225480079652,147.05276316816446,264
20260119_024933,ORGANIZATION_TYPE_Self_employed,1091.4994787216187,209.03768929195763,265
20260119_024933,PREV_PRODUCT_COMBINATION_POS_industry_with_interest_MEAN,1088.8674211502075,226.17271962570007,266
20260119_024933,ACTIVE_AMT_CREDIT_SUM_LIMIT_SUM,1087.464874458313,103.50199121839616,267
20260119_024933,CC_AMT_CREDIT_LIMIT_ACTUAL_SUM,1084.4309474468232,172.50023076035436,268
20260119_024933,REFUSED_AMT_APPLICATION_MIN,1061.7023969650268,140.6561046884564,269
20260119_024933,PREV_NAME_CONTRACT_STATUS_Canceled_MEAN,1049.7241742134095,175.50764041268846,270
20260119_024933,BURO_AMT_ANNUITY_MAX,1041.6955855369567,77.70786841609633,271
20260119_024933,PREV_NAME_GOODS_CATEGORY_Consumer_Electronics_MEAN,1038.627239894867,152.18256496987573,272
20260119_024933,CC_AMT_BALANCE_MIN,1038.181495285034,216.03069572034676,273
20260119_024933,REFUSED_AMT_ANNUITY_MEAN,1029.6989552497864,217.37330033537793,274
20260119_024933,POS_NAME_CONTRACT_STATUS_Signed_MEAN,1020.7257202148437,207.90112568356162,275
20260119_024933,BURO_AMT_ANNUITY_MEAN,1009.7604037284851,213.45788848315306,276
20260119_024933,REFUSED_CNT_PAYMENT_SUM,1002.2630541801452,140.14776711737179,277
20260119_024933,PREV_NAME_GOODS_CATEGORY_Audio_Video_MEAN,997.6106348991394,129.98341497429402,278
20260119_024933,AMT_REQ_CREDIT_BUREAU_QRT,996.7890923500061,112.29621910742785,279
20260119_024933,NONLIVINGAREA_MODE,981.5492243766785,150.37439163391122,280
20260119_024933,PREV_PRODUCT_COMBINATION_Cash_Street_high_MEAN,970.0187745094299,143.0525846374543,281
20260119_024933,PREV_NAME_CONTRACT_TYPE_Cash_loans_MEAN,969.5704539299011,63.990949567568016,282
20260119_024933,CC_AMT_PAYMENT_TOTAL_CURRENT_MEAN,964.6469152450561,81.26331768814373,283
20260119_024933,CC_AMT_DRAWINGS_CURRENT_MEAN,955.268444442749,166.20349184461267,284
20260119_024933,PREV_NAME_GOODS_CATEGORY_Computers_MEAN,953.3811585903168,150.45138404102778,285
20260119_024933,CC_AMT_PAYMENT_CURRENT_SUM,951.301959323883,163.62050229094896,286
20260119_024933,ACTIVE_AMT_ANNUITY_MAX,946.4591725349426,116.321235684577,287
20260119_024933,PREV_NAME_PORTFOLIO_XNA_MEAN,937.3994499206543,158.66627474880895,288
20260119_024933,REFUSED_AMT_CREDIT_MAX,935.4323716163635,128.4854589223764,289
20260119_024933,REFUSED_HOUR_APPR_PROCESS_START_MIN,929.8562833786011,290.1185795111567,290
20260119_024933,APARTMENTS_MEDI,919.090469455719,73.61697835471564,291
20260119_024933,REFUSED_AMT_CREDIT_MEAN,915.695095539093,76.32279265339915,292
20260119_024933,CLOSED_AMT_ANNUITY_MAX,912.9096975326538,134.87334041617774,293
20260119_024933,BURO_AMT_CREDIT_SUM_LIMIT_SUM,911.4461675643921,276.412446812758,294
20260119_024933,PREV_NAME_CONTRACT_TYPE_Revolving_loans_MEAN,903.4074679374695,128.28790386267693,295
20260119_024933,ENTRANCES_AVG,900.0274286270142,140.47972185673422,296
20260119_024933,BASEMENTAREA_MEDI,891.5626792907715,104.90277403588017,297
20260119_024933,CC_AMT_RECEIVABLE_PRINCIPAL_MEAN,890.883085155487,206.19439060380367,298
20260119_024933,CC_CNT_DRAWINGS_CURRENT_MAX,889.2809311866761,116.43536306016166,299
20260119_024933,BURO_MONTHS_BALANCE_MIN_MIN,883.8242153167724,111.05370044817887,300
20260119_024933,REFUSED_AMT_GOODS_PRICE_MEAN,878.8545393943787,147.09830509332062,301
20260119_024933,OCCUPATION_TYPE_Core_staff,875.5982097625732,236.59486485110097,302
20260119_024933,ACTIVE_AMT_ANNUITY_MEAN,871.8159048080445,206.95589852557103,303
20260119_024933,REFUSED_AMT_GOODS_PRICE_MIN,868.4742076396942,113.35742130346438,304
20260119_024933,PREV_PRODUCT_COMBINATION_Cash_MEAN,857.0843154430389,107.12307802528095,305
20260119_024933,PREV_PRODUCT_COMBINATION_Cash_X_Sell_middle_MEAN,855.4593634605408,147.42864251945167,306
20260119_024933,PREV_CHANNEL_TYPE_AP_Cash_loan__MEAN,853.6141030311585,203.75177496483877,307
20260119_024933,PREV_PRODUCT_COMBINATION_Cash_Street_low_MEAN,852.2691802501679,236.0760204130579,308
20260119_024933,CC_AMT_INST_MIN_REGULARITY_VAR,847.2508432388306,186.20531588337764,309
20260119_024933,PREV_NAME_CONTRACT_TYPE_Consumer_loans_MEAN,846.5602198600769,143.56811185702483,310
20260119_024933,CC_AMT_CREDIT_LIMIT_ACTUAL_VAR,839.658950138092,172.4817676145802,311
20260119_024933,CC_AMT_DRAWINGS_ATM_CURRENT_VAR,831.3620832443237,198.93842979719824,312
20260119_024933,CC_AMT_PAYMENT_CURRENT_MAX,825.773369884491,204.01481057065985,313
20260119_024933,REFUSED_AMT_APPLICATION_MEAN,820.0758491516114,146.71727796392256,314
20260119_024933,PREV_NAME_PORTFOLIO_Cards_MEAN,814.4003353118896,127.23408226332172,315
20260119_024933,REFUSED_AMT_APPLICATION_MAX,812.3659307479859,168.97716380252274,316
20260119_024933,PREV_NAME_GOODS_CATEGORY_XNA_MEAN,809.0229689598084,166.9251917073367,317
20260119_024933,COMMONAREA_MODE,808.0039283752442,102.71516330630573,318
20260119_024933,CLOSED_AMT_ANNUITY_MEAN,807.3516032218934,85.47838494845041,319
20260119_024933,CC_AMT_PAYMENT_CURRENT_VAR,799.8179308891297,172.20109150666448,320
20260119_024933,REGION_RATING_CLIENT,794.7148866653442,271.3458799169583,321
20260119_024933,OCCUPATION_TYPE_Laborers,777.5050281524658,268.84188187668644,322
20260119_024933,CC_AMT_RECIVABLE_MEAN,763.5799340248108,152.05001898884962,323
20260119_024933,LIVINGAPARTMENTS_AVG,756.5203989982605,76.71887595184165,324
20260119_024933,NONLIVINGAREA_MEDI,749.2465420722962,102.77424815095728,325
20260119_024933,PREV_CHANNEL_TYPE_Contact_center_MEAN,742.989500284195,180.64765742759363,326
20260119_024933,NAME_INCOME_TYPE_State_servant,738.7408026695251,211.78096933401028,327
20260119_024933,FLOORSMAX_AVG,735.7097601890564,186.0281301553232,328
20260119_024933,COMMONAREA_AVG,734.9104258537293,43.195731319378055,329
20260119_024933,COMMONAREA_MEDI,730.4221354484558,177.93643263864436,330
20260119_024933,ACTIVE_MONTHS_BALANCE_MIN_MIN,708.47410364151,167.4223429760353,331
20260119_024933,CC_AMT_DRAWINGS_CURRENT_VAR,701.0466949462891,204.37761194183324,332
20260119_024933,CC_CNT_DRAWINGS_CURRENT_SUM,684.6208028793335,141.66031038129773,333
20260119_024933,YEARS_BUILD_MODE,682.888312625885,126.55827454916636,334
20260119_024933,CC_AMT_DRAWINGS_ATM_CURRENT_MAX,670.1639409065247,105.99196820645338,335
20260119_024933,PREV_CODE_REJECT_REASON_LIMIT_MEAN,665.6209970474243,176.91175906981132,336
20260119_024933,ORGANIZATION_TYPE_Business_Entity_Type_3,654.41847448349,99.89706763770627,337
20260119_024933,OCCUPATION_TYPE_Drivers,652.1409317970276,189.14410264351815,338
20260119_024933,PREV_CHANNEL_TYPE_Regional_Local_MEAN,650.9636946678162,107.58108532537292,339
20260119_024933,CLOSED_MONTHS_BALANCE_MIN_MIN,649.1393957138062,72.22585773773785,340
20260119_024933,REFUSED_HOUR_APPR_PROCESS_START_MAX,641.8989977836609,133.80309807084544,341
20260119_024933,LIVINGAPARTMENTS_MODE,639.2265260696411,98.63844922477817,342
20260119_024933,CC_AMT_PAYMENT_TOTAL_CURRENT_SUM,620.3584041595459,165.95842116389935,343
20260119_024933,CC_CNT_DRAWINGS_POS_CURRENT_VAR,618.2361272811889,99.16673481451926,344
20260119_024933,PREV_AMT_GOODS_PRICE_MAX,607.3207424163818,108.42680889952689,345
20260119_024933,CC_AMT_PAYMENT_TOTAL_CURRENT_VAR,604.6210416793823,113.80569674409743,346
20260119_024933,CC_AMT_DRAWINGS_ATM_CURRENT_SUM,575.0231709957122,96.54641799666518,347
20260119_024933,PREV_PRODUCT_COMBINATION_Card_X_Sell_MEAN,572.0403347015381,93.7453434822026,348
20260119_024933,PREV_PRODUCT_COMBINATION_Card_Street_MEAN,567.6613430023193,80.25789628578346,349
20260119_024933,POS_SK_DPD_MAX,560.9492105484009,124.69677249095436,350
20260119_024933,CC_AMT_PAYMENT_CURRENT_MIN,558.3198510169983,143.43144801761417,351
20260119_024933,PREV_NAME_TYPE_SUITE_Spouse_partner_MEAN,558.1246033668518,63.35241169837181,352
20260119_024933,LIVINGAPARTMENTS_MEDI,551.8221163749695,109.04061712413316,353
20260119_024933,PREV_NAME_GOODS_CATEGORY_Furniture_MEAN,545.7830261230469,106.9168553240313,354
20260119_024933,BURO_CREDIT_TYPE_Car_loan_MEAN,537.5169217109681,171.11253623984265,355
20260119_024933,REFUSED_AMT_GOODS_PRICE_MAX,536.2575576782226,103.47206189668537,356
20260119_024933,ENTRANCES_MODE,523.9339212417602,162.0327859267717,357
20260119_024933,CC_AMT_DRAWINGS_POS_CURRENT_MAX,521.7091015815735,170.81946554785353,358
20260119_024933,CC_AMT_DRAWINGS_POS_CURRENT_SUM,515.3606839656829,118.36219759672953,359
20260119_024933,YEARS_BUILD_AVG,506.6206202507019,121.81600370853785,360
20260119_024933,CC_CNT_DRAWINGS_ATM_CURRENT_SUM,502.9174889564514,131.2965586699239,361
20260119_024933,CC_CNT_DRAWINGS_POS_CURRENT_MEAN,502.53280506134035,137.85491001158545,362
20260119_024933,CC_AMT_BALANCE_VAR,497.7100251197815,103.30129616448502,363
20260119_024933,PREV_PRODUCT_COMBINATION_POS_household_without_interest_MEAN,488.3578980445862,80.96195940188372,364
20260119_024933,CC_AMT_PAYMENT_TOTAL_CURRENT_MAX,486.0494559288025,119.0450872153995,365
20260119_024933,PREV_CHANNEL_TYPE_Channel_of_corporate_sales_MEAN,479.0314109802246,113.60329564618077,366
20260119_024933,YEARS_BUILD_MEDI,467.0873529434204,60.38663541472493,367
20260119_024933,ACTIVE_AMT_CREDIT_SUM_OVERDUE_MEAN,463.1158153057098,203.2942252359831,368
20260119_024933,CC_AMT_DRAWINGS_CURRENT_SUM,461.85592794418335,51.22926319646374,369
20260119_024933,CNT_FAM_MEMBERS,448.13950262069704,51.70043856620281,370
20260119_024933,ORGANIZATION_TYPE_Construction,435.99652061462405,91.12161079711007,371
20260119_024933,PREV_CODE_REJECT_REASON_SCO_MEAN,430.0141653060913,143.66717761408302,372
20260119_024933,CC_AMT_DRAWINGS_CURRENT_MAX,424.7738401412964,46.2838294679628,373
20260119_024933,NONLIVINGAPARTMENTS_AVG,417.8888861656189,94.67682014742047,374
20260119_024933,ELEVATORS_AVG,411.57219276428225,84.91654694681712,375
20260119_024933,FLAG_PHONE,408.8635363101959,75.41116087631546,376
20260119_024933,ENTRANCES_MEDI,406.76622142791746,81.05730293439517,377
20260119_024933,FLOORSMIN_AVG,406.7591068267822,106.23727170308679,378
20260119_024933,CC_AMT_RECIVABLE_MIN,385.77258706092834,114.832522144469,379
20260119_024933,ORGANIZATION_TYPE_Transport_type_3,381.7106366157532,105.44316350622539,380
20260119_024933,PREV_NAME_SELLER_INDUSTRY_Furniture_MEAN,377.32688455581666,184.23998176682025,381
20260119_024933,CC_AMT_RECEIVABLE_PRINCIPAL_VAR,374.04721746444704,126.90263020798002,382
20260119_024933,CC_AMT_INST_MIN_REGULARITY_MEAN,368.7087536811829,99.44787711230354,383
20260119_024933,CC_AMT_BALANCE_MAX,368.2800797462463,129.9633717040796,384
20260119_024933,CC_AMT_INST_MIN_REGULARITY_SUM,364.2068557739258,86.92269872196995,385
20260119_024933,CC_AMT_CREDIT_LIMIT_ACTUAL_MIN,363.89242911338806,132.35290221284032,386
20260119_024933,REFUSED_AMT_DOWN_PAYMENT_MAX,363.1957497596741,107.78833926963868,387
20260119_024933,CC_AMT_RECEIVABLE_PRINCIPAL_MAX,362.94484357833863,62.63879682674401,388
20260119_024933,CC_AMT_DRAWINGS_POS_CURRENT_VAR,362.21237535476683,104.85009138987195,389
20260119_024933,CC_AMT_RECIVABLE_VAR,355.19796495437623,94.4834309882126,390
20260119_024933,CC_AMT_INST_MIN_REGULARITY_MAX,353.7904996871948,98.80821201186818,391
20260119_024933,CC_CNT_INSTALMENT_MATURE_CUM_VAR,353.70785036087034,82.79456792494801,392
20260119_024933,CNT_CHILDREN,349.55125322341917,63.045294199257086,393
20260119_024933,PREV_NAME_GOODS_CATEGORY_Photo_Cinema_Equipment_MEAN,345.11704111099243,74.12900833284242,394
20260119_024933,FLAG_OWN_CAR,345.0777980804443,39.56189264582179,395
20260119_024933,ORGANIZATION_TYPE_Military,334.08989610671995,45.40857282799317,396
20260119_024933,POS_COUNT,328.4187975883484,147.6185370354183,397
20260119_024933,PREV_PRODUCT_COMBINATION_Cash_Street_middle_MEAN,323.96796016693116,130.05458311284085,398
20260119_024933,CC_MONTHS_BALANCE_MEAN,317.51246843338015,106.09761562005025,399
20260119_024933,CC_CNT_DRAWINGS_POS_CURRENT_MAX,316.2073063850403,63.25807412173956,400
20260119_024933,WALLSMATERIAL_MODE_Stone_brick,315.97233896255494,39.32048488232811,401
20260119_024933,CC_CNT_INSTALMENT_MATURE_CUM_MEAN,314.7478420257568,64.79495418893144,402
20260119_024933,CC_SK_DPD_DEF_MEAN,312.91888294219973,148.43181331515362,403
20260119_024933,OCCUPATION_TYPE_Sales_staff,310.2244465827942,23.289552793472623,404
20260119_024933,FLAG_OWN_REALTY,307.0453646659851,56.015236316076916,405
20260119_024933,INSTAL_PAYMENT_PERC_MAX,305.69097566604614,67.77314663055024,406
20260119_024933,CC_AMT_RECIVABLE_MAX,305.0448868751526,40.75477206764384,407
20260119_024933,REFUSED_RATE_DOWN_PAYMENT_MAX,301.14865627288816,59.00564052112826,408
20260119_024933,ORGANIZATION_TYPE_School,300.46112461090087,86.0596020223212,409
20260119_024933,PREV_CODE_REJECT_REASON_SCOFR_MEAN,298.9471613883972,123.57696635900838,410
20260119_024933,CC_AMT_DRAWINGS_POS_CURRENT_MEAN,298.7449914932251,39.43516753119869,411
20260119_024933,NAME_FAMILY_STATUS_Single_not_married,291.48787941932676,59.430355213332,412
20260119_024933,FLAG_DOCUMENT_18,291.31774616241455,111.46599578313828,413
20260119_024933,CC_CNT_DRAWINGS_ATM_CURRENT_MAX,288.25284366607667,55.91550577368823,414
20260119_024933,FLOORSMAX_MEDI,285.5191533088684,127.68083923469642,415
20260119_024933,CC_AMT_CREDIT_LIMIT_ACTUAL_MAX,271.51317672729493,61.99659022891668,416
20260119_024933,CLOSED_AMT_CREDIT_SUM_DEBT_MAX,271.0183175086975,84.93543979001286,417
20260119_024933,POS_NAME_CONTRACT_STATUS_Returned_to_the_store_MEAN,270.19541387557985,48.775505248169836,418
20260119_024933,CC_CNT_INSTALMENT_MATURE_CUM_SUM,267.61415967941286,73.8158518434869,419
20260119_024933,ORGANIZATION_TYPE_Industry_type_9,262.73379917144774,39.17170621271089,420
20260119_024933,AMT_REQ_CREDIT_BUREAU_MON,260.1457982540131,86.67046929161248,421
20260119_024933,PREV_NAME_CASH_LOAN_PURPOSE_Repairs_MEAN,258.77979974746705,88.32915923292282,422
20260119_024933,CC_MONTHS_BALANCE_SUM,257.53537731170655,73.73808355139754,423
20260119_024933,CC_AMT_BALANCE_SUM,256.96963424682616,48.45969693631364,424
20260119_024933,CC_MONTHS_BALANCE_VAR,256.0630976676941,43.388889055520934,425
20260119_024933,CC_CNT_DRAWINGS_POS_CURRENT_SUM,253.75184144973755,69.5863883411699,426
20260119_024933,REFUSED_RATE_DOWN_PAYMENT_MEAN,248.71615924835206,71.55120490663865,427
20260119_024933,WEEKDAY_APPR_PROCESS_START_MONDAY,248.43420791625977,44.989174039105485,428
20260119_024933,WEEKDAY_APPR_PROCESS_START_TUESDAY,243.52449321746826,77.38388355406973,429
20260119_024933,CC_AMT_RECEIVABLE_PRINCIPAL_SUM,239.31101751327515,73.38350729003906,430
20260119_024933,CLOSED_MONTHS_BALANCE_MAX_MAX,239.0891538619995,73.49720800049442,431
20260119_024933,FLOORSMIN_MODE,233.65542764663695,72.63912887012216,432
20260119_024933,CC_AMT_RECEIVABLE_PRINCIPAL_MIN,233.444335269928,48.712710823774515,433
20260119_024933,WEEKDAY_APPR_PROCESS_START_WEDNESDAY,233.01940865516661,80.64069698031248,434
20260119_024933,NAME_HOUSING_TYPE_House_apartment,228.30114431381224,136.37643729876248,435
20260119_024933,CLOSED_AMT_CREDIT_SUM_LIMIT_MEAN,224.96868362426758,103.82675698468343,436
20260119_024933,PREV_NAME_TYPE_SUITE_Children_MEAN,224.06486377716064,134.78488708000788,437
20260119_024933,NAME_INCOME_TYPE_Commercial_associate,220.95106201171876,47.14411863842175,438
20260119_024933,PREV_PRODUCT_COMBINATION_POS_mobile_without_interest_MEAN,218.78909797668456,87.12724273659111,439
20260119_024933,CC_AMT_RECIVABLE_SUM,216.53751401901246,31.563897828195085,440
20260119_024933,REFUSED_AMT_DOWN_PAYMENT_MEAN,210.64634552001954,47.94269637555689,441
20260119_024933,NONLIVINGAPARTMENTS_MEDI,210.5994915008545,48.19828161179993,442
20260119_024933,OCCUPATION_TYPE_High_skill_tech_staff,210.11328067779542,62.79031517071402,443
20260119_024933,LIVE_CITY_NOT_WORK_CITY,205.09416971206664,66.89234606150771,444
20260119_024933,FLOORSMAX_MODE,204.18054895401002,79.41988219114522,445
20260119_024933,REG_CITY_NOT_WORK_CITY,203.5487741470337,30.619402463441258,446
20260119_024933,PREV_NAME_GOODS_CATEGORY_Construction_Materials_MEAN,199.87351479530335,127.78803684457729,447
20260119_024933,FLOORSMIN_MEDI,194.12020406723022,83.35008746182714,448
20260119_024933,WEEKDAY_APPR_PROCESS_START_FRIDAY,187.77451543807985,46.73769400589403,449
20260119_024933,WALLSMATERIAL_MODE_Panel,187.72330646514894,88.86400464668151,450
20260119_024933,CLOSED_AMT_CREDIT_SUM_DEBT_MEAN,183.296213722229,100.48952982459153,451
20260119_024933,PREV_NAME_TYPE_SUITE_Other_B_MEAN,182.26049995422363,96.93863635015533,452
20260119_024933,REFUSED_AMT_DOWN_PAYMENT_MIN,182.0590817451477,59.289327663041234,453
20260119_024933,ELEVATORS_MODE,180.64829711914064,59.56164511474021,454
20260119_024933,REFUSED_RATE_DOWN_PAYMENT_MIN,179.79511566162108,51.290309599908674,455
20260119_024933,NAME_TYPE_SUITE_Unaccompanied,171.7814263343811,79.32174933587967,456
20260119_024933,BURO_CREDIT_ACTIVE_Sold_MEAN,170.07108635902404,56.947286840355865,457
20260119_024933,NONLIVINGAPARTMENTS_MODE,169.2169059753418,45.31639475689514,458
20260119_024933,FLAG_DOCUMENT_16,168.4410397529602,42.34557640826859,459
20260119_024933,PREV_NAME_SELLER_INDUSTRY_Clothing_MEAN,162.90028200149536,115.52000171768097,460
20260119_024933,NAME_FAMILY_STATUS_Civil_marriage,161.05463037490844,19.744999936780083,461
20260119_024933,ELEVATORS_MEDI,150.36022567749023,51.64401384338132,462
20260119_024933,PREV_NAME_GOODS_CATEGORY_Clothing_and_Accessories_MEAN,147.24936485290527,75.50175764328671,463
20260119_024933,OCCUPATION_TYPE_Accountants,147.05428218841553,81.58345254542837,464
20260119_024933,PREV_PRODUCT_COMBINATION_POS_other_with_interest_MEAN,146.0734519958496,78.22023389747567,465
20260119_024933,NAME_FAMILY_STATUS_Separated,143.7493625640869,64.82300355352571,466
20260119_024933,WEEKDAY_APPR_PROCESS_START_SATURDAY,143.5122120857239,117.51217804985956,467
20260119_024933,NAME_HOUSING_TYPE_Office_apartment,139.0640061378479,44.799625526844935,468
20260119_024933,CC_CNT_INSTALMENT_MATURE_CUM_MAX,138.76523571014405,21.044638158489,469
20260119_024933,OCCUPATION_TYPE_Medicine_staff,137.28722438812255,71.02294919932093,470
20260119_024933,PREV_NAME_SELLER_INDUSTRY_Construction_MEAN,134.7461476802826,41.27322367564816,471
20260119_024933,PREV_NAME_CASH_LOAN_PURPOSE_XAP_MEAN,127.54671211242676,40.96905623186182,472
20260119_024933,CC_SK_DPD_MEAN,127.04035196304321,53.71961762741476,473
20260119_024933,PREV_NAME_GOODS_CATEGORY_Sport_and_Leisure_MEAN,122.18997468948365,15.64955609440437,474
20260119_024933,ACTIVE_MONTHS_BALANCE_MAX_MAX,122.03431448936462,65.61822955508758,475
20260119_024933,ORGANIZATION_TYPE_Medicine,119.88269805908203,72.6169550700244,476
20260119_024933,ORGANIZATION_TYPE_Bank,119.08710393905639,40.024083197267196,477
20260119_024933,CC_AMT_TOTAL_RECEIVABLE_MEAN,118.6882658958435,35.982462730653204,478
20260119_024933,CLOSED_AMT_CREDIT_SUM_DEBT_SUM,115.81668996810913,62.83961590952835,479
20260119_024933,NAME_HOUSING_TYPE_Municipal_apartment,114.14014253616332,93.30000726532174,480
20260119_024933,PREV_NAME_CONTRACT_STATUS_Unused_offer_MEAN,113.94576234817505,20.82470906418959,481
20260119_024933,PREV_NAME_CASH_LOAN_PURPOSE_Urgent_needs_MEAN,113.44928970336915,35.55239331832028,482
20260119_024933,BURO_STATUS_2_MEAN_MEAN,112.87947444915771,39.1691974091696,483
20260119_024933,CC_MONTHS_BALANCE_MIN,108.4897780418396,33.4286756563282,484
20260119_024933,WEEKDAY_APPR_PROCESS_START_THURSDAY,103.2343243598938,37.907576826706325,485
20260119_024933,ORGANIZATION_TYPE_Police,100.69553174972535,44.125050270323676,486
20260119_024933,CC_SK_DPD_SUM,99.53898196220398,31.442436073357577,487
20260119_024933,CC_AMT_TOTAL_RECEIVABLE_MAX,98.47572202682495,99.37500370425046,488
20260119_024933,PREV_NAME_SELLER_INDUSTRY_Industry_MEAN,97.62073383331298,21.90938200252645,489
20260119_024933,NAME_EDUCATION_TYPE_Lower_secondary,89.82863955497741,32.599936312445955,490
20260119_024933,WEEKDAY_APPR_PROCESS_START_SUNDAY,88.40315208435058,79.20795433814844,491
20260119_024933,CC_COUNT,87.78443813323975,35.95556047216714,492
20260119_024933,FLAG_DOCUMENT_8,86.31212186813354,40.25874911099996,493
20260119_024933,PREV_PRODUCT_COMBINATION_POS_industry_without_interest_MEAN,80.81845421791077,59.99739655110757,494
20260119_024933,ORGANIZATION_TYPE_Security_Ministries,77.05599546432495,97.55645225076279,495
20260119_024933,PREV_NAME_TYPE_SUITE_Other_A_MEAN,77.04085149765015,41.63618518248378,496
20260119_024933,CC_AMT_DRAWINGS_OTHER_CURRENT_VAR,76.80998811721801,68.49606390449912,497
20260119_024933,PREV_NAME_SELLER_INDUSTRY_Auto_technology_MEAN,76.07071595191955,35.17705846417534,498
20260119_024933,CC_MONTHS_BALANCE_MAX,75.13932781219482,9.449034722465575,499
20260119_024933,ORGANIZATION_TYPE_Kindergarten,74.55752611160278,29.211252324731888,500
20260119_024933,NAME_EDUCATION_TYPE_Incomplete_higher,74.15355806350708,37.65450362832979,501
20260119_024933,CC_AMT_DRAWINGS_OTHER_CURRENT_MAX,71.0898338317871,29.509302253671834,502
20260119_024933,NAME_TYPE_SUITE_Spouse_partner,70.45856790542602,69.88695930776093,503
20260119_024933,BURO_MONTHS_BALANCE_MAX_MAX,69.25535373687744,38.86214340380452,504
20260119_024933,NAME_CONTRACT_TYPE_Revolving_loans,68.75831823348999,37.47816289353307,505
20260119_024933,CC_SK_DPD_VAR,68.15029993057252,42.40244677379736,506
20260119_024933,PREV_NAME_CASH_LOAN_PURPOSE_Medicine_MEAN,64.81272802352905,55.02319757921057,507
20260119_024933,CC_AMT_DRAWINGS_POS_CURRENT_MIN,64.12884998321533,48.98942040626197,508
20260119_024933,PREV_NAME_CASH_LOAN_PURPOSE_Other_MEAN,63.255580043792726,56.06618651982254,509
20260119_024933,NAME_HOUSING_TYPE_With_parents,61.79153423309326,46.3900243074976,510
20260119_024933,OCCUPATION_TYPE_Low_skill_Laborers,59.808325958251956,55.19097616544321,511
20260119_024933,CC_AMT_TOTAL_RECEIVABLE_VAR,59.723394107818606,20.706866344643444,512
20260119_024933,PREV_NAME_GOODS_CATEGORY_Jewelry_MEAN,57.73325386047363,29.32390692369472,513
20260119_024933,CC_SK_DPD_DEF_VAR,57.48973016738891,31.734701567640787,514
20260119_024933,NAME_TYPE_SUITE_Family,53.33586730957031,38.17197672733051,515
20260119_024933,AMT_REQ_CREDIT_BUREAU_DAY,52.79019393920898,60.75585411269464,516
20260119_024933,AMT_REQ_CREDIT_BUREAU_WEEK,52.27163782119751,63.31489907274847,517
20260119_024933,ORGANIZATION_TYPE_Other,50.48595414161682,35.78144911030451,518
20260119_024933,FONDKAPREMONT_MODE_reg_oper_spec_account,49.9002019405365,64.92071563918664,519
20260119_024933,ORGANIZATION_TYPE_Government,49.50873408317566,11.363485930195026,520
20260119_024933,CC_AMT_DRAWINGS_OTHER_CURRENT_SUM,45.38570556640625,4.773574841714035,521
20260119_024933,LIVE_REGION_NOT_WORK_REGION,44.498182106018064,78.08387271977995,522
20260119_024933,CC_AMT_TOTAL_RECEIVABLE_SUM,43.48977651596069,27.108935325242026,523
20260119_024933,FLAG_DOCUMENT_6,42.396039962768555,17.511646403072252,524
20260119_024933,BURO_STATUS_5_MEAN_MEAN,42.26221361160278,48.9238110701716,525
20260119_024933,ACTIVE_CNT_CREDIT_PROLONG_SUM,39.71239376068115,46.92256205287204,526
20260119_024933,FONDKAPREMONT_MODE_reg_oper_account,39.483185863494874,28.738897928445063,527
20260119_024933,NAME_TYPE_SUITE_Other_B,39.094905853271484,38.452731859893596,528
20260119_024933,OCCUPATION_TYPE_Managers,38.720745944976805,22.267252017468582,529
20260119_024933,CC_AMT_PAYMENT_TOTAL_CURRENT_MIN,38.621054077148436,33.736991807829654,530
20260119_024933,REG_REGION_NOT_WORK_REGION,34.5563702583313,24.774188924370947,531
20260119_024933,OCCUPATION_TYPE_Cooking_staff,33.14280624389649,14.086590168334384,532
20260119_024933,CC_AMT_DRAWINGS_OTHER_CURRENT_MEAN,31.682125759124755,11.292029962654249,533
20260119_024933,NAME_HOUSING_TYPE_Rented_apartment,31.16042594909668,27.53428755833802,534
20260119_024933,BURO_STATUS_4_MEAN_MEAN,30.575255966186525,17.34480212404184,535
20260119_024933,POS_NAME_CONTRACT_STATUS_Approved_MEAN,29.072372245788575,32.09503210502476,536
20260119_024933,PREV_NAME_PAYMENT_TYPE_Non_cash_from_your_account_MEAN,27.864408111572267,16.53990060265473,537
20260119_024933,CC_AMT_DRAWINGS_CURRENT_MIN,27.22907600402832,19.39275217808023,538
20260119_024933,NAME_FAMILY_STATUS_Widow,26.701362133026123,21.672089831930922,539
20260119_024933,CC_SK_DPD_DEF_SUM,25.047091960906982,31.438360051736044,540
20260119_024933,ACTIVE_CREDIT_DAY_OVERDUE_MEAN,24.84588203430176,5.436073340533943,541
20260119_024933,CC_CNT_DRAWINGS_OTHER_CURRENT_VAR,24.383150005340575,9.830240425986979,542
20260119_024933,ACTIVE_CREDIT_DAY_OVERDUE_MAX,24.307563877105714,23.79018821627102,543
20260119_024933,BURO_CREDIT_DAY_OVERDUE_MAX,23.3748498916626,8.328527558917125,544
20260119_024933,PREV_NAME_CASH_LOAN_PURPOSE_Buying_a_used_car_MEAN,21.509651947021485,13.764820379070535,545
20260119_024933,PREV_NAME_GOODS_CATEGORY_Gardening_MEAN,21.372446060180664,16.15665825923171,546
20260119_024933,CLOSED_AMT_CREDIT_SUM_LIMIT_SUM,20.55476427078247,18.96527985961622,547
20260119_024933,FLAG_DOCUMENT_11,18.737683963775634,20.874895748363393,548
20260119_024933,FLAG_EMAIL,17.48572187423706,19.489354115054386,549
20260119_024933,WALLSMATERIAL_MODE_Others,17.45106382369995,15.625699160987976,550
20260119_024933,ORGANIZATION_TYPE_Business_Entity_Type_1,17.413963985443115,11.09849442300806,551
20260119_024933,EMERGENCYSTATE_MODE_No,16.886620140075685,13.068410915369617,552
20260119_024933,BURO_CNT_CREDIT_PROLONG_SUM,16.73082571029663,14.400593529558334,553
20260119_024933,CC_AMT_TOTAL_RECEIVABLE_MIN,15.398213958740234,12.691429021124586,554
20260119_024933,CC_SK_DPD_MAX,15.373496055603027,11.442274931178414,555
20260119_024933,CC_AMT_INST_MIN_REGULARITY_MIN,14.83391809463501,13.866930038900776,556
20260119_024933,HOUSETYPE_MODE_specific_housing,14.764313983917237,10.197474245658945,557
20260119_024933,ORGANIZATION_TYPE_Industry_type_3,14.352802085876466,13.772500009263206,558
20260119_024933,ORGANIZATION_TYPE_Trade_type_3,14.181208038330078,14.167906136195434,559
20260119_024933,CC_CNT_INSTALMENT_MATURE_CUM_MIN,14.158621883392334,9.983717186938115,560
20260119_024933,FLAG_DOCUMENT_5,13.590948104858398,17.273629757646884,561
20260119_024933,ORGANIZATION_TYPE_Trade_type_2,13.09010190963745,20.431888181859133,562
20260119_024933,PREV_NAME_GOODS_CATEGORY_Auto_Accessories_MEAN,13.04674997329712,13.05245236284723,563
20260119_024933,CC_CNT_DRAWINGS_POS_CURRENT_MIN,12.64729585647583,25.68885466994382,564
20260119_024933,CC_CNT_DRAWINGS_OTHER_CURRENT_MEAN,12.61849603652954,13.356752905043287,565
20260119_024933,PREV_CODE_REJECT_REASON_VERIF_MEAN,12.554527854919433,12.465842174614247,566
20260119_024933,PREV_NAME_CASH_LOAN_PURPOSE_Car_repairs_MEAN,12.509422111511231,13.239349782269867,567
20260119_024933,NAME_TYPE_SUITE_Children,12.468932056427002,10.282602365984658,568
20260119_024933,FONDKAPREMONT_MODE_not_specified,12.327960109710693,11.511740456296376,569
20260119_024933,WALLSMATERIAL_MODE_Block,11.763425922393798,7.71559354563176,570
20260119_024933,PREV_NAME_GOODS_CATEGORY_Vehicles_MEAN,11.678323745727539,16.618740943417457,571
20260119_024933,ORGANIZATION_TYPE_Security,11.281727981567382,16.346994798579196,572
20260119_024933,OCCUPATION_TYPE_Security_staff,10.776410007476807,12.908494942018171,573
20260119_024933,BURO_CREDIT_DAY_OVERDUE_MEAN,10.500319957733154,8.488883449901722,574
20260119_024933,CC_CNT_DRAWINGS_CURRENT_MIN,10.392243957519531,14.32129356893398,575
20260119_024933,REG_REGION_NOT_LIVE_REGION,10.146700000762939,9.639018487001115,576
20260119_024933,FONDKAPREMONT_MODE_org_spec_account,9.883058166503906,8.579359912461872,577
20260119_024933,PREV_NAME_GOODS_CATEGORY_Homewares_MEAN,9.453144073486328,10.844214281958122,578
20260119_024933,ORGANIZATION_TYPE_Restaurant,9.36282205581665,8.606902393045928,579
20260119_024933,PREV_NAME_TYPE_SUITE_Group_of_people_MEAN,8.931925964355468,13.48345494003387,580
20260119_024933,ORGANIZATION_TYPE_Trade_type_7,8.58252992630005,8.914467348778425,581
20260119_024933,ORGANIZATION_TYPE_Transport_type_4,8.508566093444824,10.405984303445756,582
20260119_024933,CC_CNT_DRAWINGS_OTHER_CURRENT_SUM,8.483099746704102,9.079328720642048,583
20260119_024933,CLOSED_CNT_CREDIT_PROLONG_SUM,8.366137981414795,15.068312488606749,584
20260119_024933,BURO_STATUS_3_MEAN_MEAN,8.323966217041015,2.4465391964000953,585
20260119_024933,CC_SK_DPD_DEF_MAX,6.789029979705811,15.18073253590621,586
20260119_024933,OCCUPATION_TYPE_Waiters_barmen_staff,6.746905994415283,8.72723175942211,587
20260119_024933,ORGANIZATION_TYPE_Business_Entity_Type_2,6.608969974517822,3.8562156433218275,588
20260119_024933,PREV_FLAG_LAST_APPL_PER_CONTRACT_N_MEAN,5.30859603881836,5.664424543437655,589
20260119_024933,PREV_CODE_REJECT_REASON_CLIENT_MEAN,5.09158411026001,4.742757324070772,590
20260119_024933,WALLSMATERIAL_MODE_Wooden,4.786781978607178,7.466853981535647,591
20260119_024933,HOUSETYPE_MODE_block_of_flats,4.668280029296875,6.392489735569096,592
20260119_024933,PREV_CODE_REJECT_REASON_XNA_MEAN,4.567716026306153,6.897718623469667,593
20260119_024933,WALLSMATERIAL_MODE_Mixed,3.961149978637695,6.475489024961875,594
20260119_024933,ORGANIZATION_TYPE_Postal,3.558737945556641,5.2556288874222785,595
20260119_024933,OCCUPATION_TYPE_Private_service_staff,3.539055919647217,3.390038354167133,596
20260119_024933,PREV_NAME_CASH_LOAN_PURPOSE_Education_MEAN,3.501681995391846,5.1925460634223395,597
20260119_024933,ORGANIZATION_TYPE_Hotel,3.0853859901428224,2.9271189462256544,598
20260119_024933,ORGANIZATION_TYPE_XNA,2.698500061035156,6.0340295737619405,599
20260119_024933,ORGANIZATION_TYPE_Housing,2.436249923706055,5.447620439585415,600
20260119_024933,PREV_FLAG_LAST_APPL_PER_CONTRACT_Y_MEAN,2.251234006881714,3.371772035039416,601
20260119_024933,BURO_CREDIT_TYPE_Another_type_of_loan_MEAN,2.2357139587402344,4.999208389988324,602
20260119_024933,PREV_NAME_GOODS_CATEGORY_Office_Appliances_MEAN,2.2189760208129883,3.061921159581293,603
20260119_024933,PREV_NAME_CASH_LOAN_PURPOSE_Payments_on_other_loans_MEAN,1.691819953918457,3.7830244226522316,604
20260119_024933,PREV_NAME_CASH_LOAN_PURPOSE_Everyday_expenses_MEAN,1.5263799667358398,3.4130893651152054,605
20260119_024933,OCCUPATION_TYPE_Cleaning_staff,1.3838740348815919,3.0944364142921548,606
20260119_024933,PREV_NAME_GOODS_CATEGORY_Medical_Supplies_MEAN,1.3696619987487793,3.0626573354005022,607
20260119_024933,ORGANIZATION_TYPE_Services,1.1734820365905763,2.623985604191424,608
20260119_024933,ORGANIZATION_TYPE_University,1.0894840240478516,2.4361603381710117,609
20260119_024933,PREV_PRODUCT_COMBINATION_POS_others_without_interest_MEAN,0.9756959915161133,2.1817225624040875,610
20260119_024933,BURO_CREDIT_TYPE_Loan_for_business_development_MEAN,0.9153039932250977,2.0466819489283252,611
20260119_024933,BURO_CREDIT_TYPE_Loan_for_the_purchase_of_equipment_MEAN,0.0,0.0,612
20260119_024933,CC_AMT_DRAWINGS_ATM_CURRENT_MIN,0.0,0.0,613
20260119_024933,ORGANIZATION_TYPE_Emergency,0.0,0.0,614
20260119_024933,ORGANIZATION_TYPE_Electricity,0.0,0.0,615
20260119_024933,ORGANIZATION_TYPE_Culture,0.0,0.0,616
20260119_024933,ORGANIZATION_TYPE_Cleaning,0.0,0.0,617
20260119_024933,BURO_CREDIT_TYPE_Loan_for_purchase_of_shares_margin_lending__MEAN,0.0,0.0,618
20260119_024933,ORGANIZATION_TYPE_Agriculture,0.0,0.0,619
20260119_024933,OCCUPATION_TYPE_Realty_agents,0.0,0.0,620
20260119_024933,BURO_CREDIT_TYPE_Loan_for_working_capital_replenishment_MEAN,0.0,0.0,621
20260119_024933,BURO_CREDIT_TYPE_Mobile_operator_loan_MEAN,0.0,0.0,622
20260119_024933,PREV_PRODUCT_COMBINATION_nan_MEAN,0.0,0.0,623
20260119_024933,BURO_CREDIT_TYPE_Real_estate_loan_MEAN,0.0,0.0,624
20260119_024933,ORGANIZATION_TYPE_Advertising,0.0,0.0,625
20260119_024933,PREV_WEEKDAY_APPR_PROCESS_START_nan_MEAN,0.0,0.0,626
20260119_024933,BURO_STATUS_nan_MEAN_MEAN,0.0,0.0,627
20260119_024933,BURO_CREDIT_TYPE_Unknown_type_of_loan_MEAN,0.0,0.0,628
20260119_024933,BURO_CREDIT_TYPE_Cash_loan_non_earmarked__MEAN,0.0,0.0,629
20260119_024933,BURO_CREDIT_TYPE_nan_MEAN,0.0,0.0,630
20260119_024933,OCCUPATION_TYPE_Secretaries,0.0,0.0,631
20260119_024933,BURO_CREDIT_TYPE_Interbank_credit_MEAN,0.0,0.0,632
20260119_024933,BURO_CREDIT_CURRENCY_currency_3_MEAN,0.0,0.0,633
20260119_024933,OCCUPATION_TYPE_IT_staff,0.0,0.0,634
20260119_024933,FLAG_DOCUMENT_19,0.0,0.0,635
20260119_024933,FLAG_DOCUMENT_12,0.0,0.0,636
20260119_024933,FLAG_DOCUMENT_13,0.0,0.0,637
20260119_024933,FLAG_DOCUMENT_14,0.0,0.0,638
20260119_024933,WALLSMATERIAL_MODE_Monolithic,0.0,0.0,639
20260119_024933,NAME_EDUCATION_TYPE_Academic_degree,0.0,0.0,640
20260119_024933,FLAG_DOCUMENT_15,0.0,0.0,641
20260119_024933,FLAG_DOCUMENT_17,0.0,0.0,642
20260119_024933,FLAG_DOCUMENT_2,0.0,0.0,643
20260119_024933,NAME_HOUSING_TYPE_Co_op_apartment,0.0,0.0,644
20260119_024933,FLAG_DOCUMENT_20,0.0,0.0,645
20260119_024933,FLAG_DOCUMENT_21,0.0,0.0,646
20260119_024933,FLAG_DOCUMENT_4,0.0,0.0,647
20260119_024933,FLAG_DOCUMENT_7,0.0,0.0,648
20260119_024933,FLAG_DOCUMENT_9,0.0,0.0,649
20260119_024933,FLAG_EMP_PHONE,0.0,0.0,650
20260119_024933,FLAG_MOBIL,0.0,0.0,651
20260119_024933,NAME_FAMILY_STATUS_Unknown,0.0,0.0,652
20260119_024933,AMT_REQ_CREDIT_BUREAU_HOUR,0.0,0.0,653
20260119_024933,OCCUPATION_TYPE_HR_staff,0.0,0.0,654
20260119_024933,BURO_CREDIT_CURRENCY_currency_1_MEAN,0.0,0.0,655
20260119_024933,EMERGENCYSTATE_MODE_Yes,0.0,0.0,656
20260119_024933,NAME_TYPE_SUITE_Other_A,0.0,0.0,657
20260119_024933,NAME_TYPE_SUITE_Group_of_people,0.0,0.0,658
20260119_024933,BURO_CREDIT_CURRENCY_nan_MEAN,0.0,0.0,659
20260119_024933,BURO_CREDIT_CURRENCY_currency_4_MEAN,0.0,0.0,660
20260119_024933,ORGANIZATION_TYPE_Industry_type_10,0.0,0.0,661
20260119_024933,BURO_CREDIT_CURRENCY_currency_2_MEAN,0.0,0.0,662
20260119_024933,BURO_CREDIT_ACTIVE_nan_MEAN,0.0,0.0,663
20260119_024933,NAME_INCOME_TYPE_Businessman,0.0,0.0,664
20260119_024933,BURO_CREDIT_ACTIVE_Bad_debt_MEAN,0.0,0.0,665
20260119_024933,FLAG_CONT_MOBILE,0.0,0.0,666
20260119_024933,NAME_INCOME_TYPE_Unemployed,0.0,0.0,667
20260119_024933,NAME_INCOME_TYPE_Student,0.0,0.0,668
20260119_024933,FLAG_DOCUMENT_10,0.0,0.0,669
20260119_024933,NAME_INCOME_TYPE_Pensioner,0.0,0.0,670
20260119_024933,NAME_INCOME_TYPE_Maternity_leave,0.0,0.0,671
20260119_024933,ORGANIZATION_TYPE_Industry_type_1,0.0,0.0,672
20260119_024933,ORGANIZATION_TYPE_Legal_Services,0.0,0.0,673
20260119_024933,ORGANIZATION_TYPE_Industry_type_11,0.0,0.0,674
20260119_024933,PREV_NAME_CONTRACT_STATUS_nan_MEAN,0.0,0.0,675
20260119_024933,PREV_NAME_CONTRACT_TYPE_XNA_MEAN,0.0,0.0,676
20260119_024933,PREV_NAME_CONTRACT_TYPE_nan_MEAN,0.0,0.0,677
20260119_024933,PREV_NAME_GOODS_CATEGORY_Additional_Service_MEAN,0.0,0.0,678
20260119_024933,PREV_NAME_GOODS_CATEGORY_Animals_MEAN,0.0,0.0,679
20260119_024933,PREV_CODE_REJECT_REASON_nan_MEAN,0.0,0.0,680
20260119_024933,PREV_CODE_REJECT_REASON_SYSTEM_MEAN,0.0,0.0,681
20260119_024933,PREV_CHANNEL_TYPE_nan_MEAN,0.0,0.0,682
20260119_024933,PREV_CHANNEL_TYPE_Car_dealer_MEAN,0.0,0.0,683
20260119_024933,PREV_NAME_GOODS_CATEGORY_Direct_Sales_MEAN,0.0,0.0,684
20260119_024933,PREV_NAME_GOODS_CATEGORY_Education_MEAN,0.0,0.0,685
20260119_024933,PREV_NAME_GOODS_CATEGORY_Fitness_MEAN,0.0,0.0,686
20260119_024933,CC_SK_DPD_DEF_MIN,0.0,0.0,687
20260119_024933,PREV_NAME_GOODS_CATEGORY_House_Construction_MEAN,0.0,0.0,688
20260119_024933,PREV_NAME_GOODS_CATEGORY_Insurance_MEAN,0.0,0.0,689
20260119_024933,CC_SK_DPD_MIN,0.0,0.0,690
20260119_024933,PREV_NAME_GOODS_CATEGORY_Medicine_MEAN,0.0,0.0,691
20260119_024933,POS_NAME_CONTRACT_STATUS_nan_MEAN,0.0,0.0,692
20260119_024933,CC_CNT_DRAWINGS_OTHER_CURRENT_MIN,0.0,0.0,693
20260119_024933,PREV_FLAG_LAST_APPL_PER_CONTRACT_nan_MEAN,0.0,0.0,694
20260119_024933,ORGANIZATION_TYPE_Industry_type_12,0.0,0.0,695
20260119_024933,CC_CNT_DRAWINGS_OTHER_CURRENT_MAX,0.0,0.0,696
20260119_024933,PREV_NAME_CASH_LOAN_PURPOSE_Gasification_water_supply_MEAN,0.0,0.0,697
20260119_024933,PREV_NAME_CASH_LOAN_PURPOSE_Hobby_MEAN,0.0,0.0,698
20260119_024933,PREV_NAME_CASH_LOAN_PURPOSE_Journey_MEAN,0.0,0.0,699
20260119_024933,PREV_NAME_CASH_LOAN_PURPOSE_Money_for_a_third_person_MEAN,0.0,0.0,700
20260119_024933,PREV_NAME_CASH_LOAN_PURPOSE_Purchase_of_electronic_equipment_MEAN,0.0,0.0,701
20260119_024933,PREV_NAME_CASH_LOAN_PURPOSE_Refusal_to_name_the_goal_MEAN,0.0,0.0,702
20260119_024933,PREV_NAME_CASH_LOAN_PURPOSE_Buying_a_new_car_MEAN,0.0,0.0,703
20260119_024933,PREV_NAME_CASH_LOAN_PURPOSE_Buying_a_home_MEAN,0.0,0.0,704
20260119_024933,PREV_NAME_CASH_LOAN_PURPOSE_Wedding_gift_holiday_MEAN,0.0,0.0,705
20260119_024933,PREV_NAME_CASH_LOAN_PURPOSE_Buying_a_holiday_home_land_MEAN,0.0,0.0,706
20260119_024933,PREV_NAME_CASH_LOAN_PURPOSE_Buying_a_garage_MEAN,0.0,0.0,707
20260119_024933,PREV_NAME_CASH_LOAN_PURPOSE_nan_MEAN,0.0,0.0,708
20260119_024933,CC_CNT_DRAWINGS_ATM_CURRENT_MIN,0.0,0.0,709
20260119_024933,PREV_NAME_CASH_LOAN_PURPOSE_Business_development_MEAN,0.0,0.0,710
20260119_024933,PREV_NAME_CASH_LOAN_PURPOSE_Building_a_house_or_an_annex_MEAN,0.0,0.0,711
20260119_024933,PREV_NAME_CLIENT_TYPE_XNA_MEAN,0.0,0.0,712
20260119_024933,PREV_NAME_CLIENT_TYPE_nan_MEAN,0.0,0.0,713
20260119_024933,PREV_NAME_GOODS_CATEGORY_Other_MEAN,0.0,0.0,714
20260119_024933,POS_NAME_CONTRACT_STATUS_XNA_MEAN,0.0,0.0,715
20260119_024933,POS_NAME_CONTRACT_STATUS_Demand_MEAN,0.0,0.0,716
20260119_024933,PREV_NAME_GOODS_CATEGORY_Tourism_MEAN,0.0,0.0,717
20260119_024933,PREV_NAME_SELLER_INDUSTRY_MLM_partners_MEAN,0.0,0.0,718
20260119_024933,PREV_NAME_SELLER_INDUSTRY_Tourism_MEAN,0.0,0.0,719
20260119_024933,PREV_NAME_SELLER_INDUSTRY_nan_MEAN,0.0,0.0,720
20260119_024933,ORGANIZATION_TYPE_Religion,0.0,0.0,721
20260119_024933,ORGANIZATION_TYPE_Realtor,0.0,0.0,722
20260119_024933,ORGANIZATION_TYPE_Mobile,0.0,0.0,723
20260119_024933,PREV_NAME_CASH_LOAN_PURPOSE_Furniture_MEAN,0.0,0.0,724
20260119_024933,ORGANIZATION_TYPE_Insurance,0.0,0.0,725
20260119_024933,ORGANIZATION_TYPE_Industry_type_8,0.0,0.0,726
20260119_024933,ORGANIZATION_TYPE_Industry_type_7,0.0,0.0,727
20260119_024933,CC_AMT_DRAWINGS_OTHER_CURRENT_MIN,0.0,0.0,728
20260119_024933,ORGANIZATION_TYPE_Industry_type_6,0.0,0.0,729
20260119_024933,ORGANIZATION_TYPE_Industry_type_5,0.0,0.0,730
20260119_024933,PREV_NAME_YIELD_GROUP_nan_MEAN,0.0,0.0,731
20260119_024933,ORGANIZATION_TYPE_Industry_type_4,0.0,0.0,732
20260119_024933,ORGANIZATION_TYPE_Industry_type_2,0.0,0.0,733
20260119_024933,ORGANIZATION_TYPE_Industry_type_13,0.0,0.0,734
20260119_024933,PREV_NAME_SELLER_INDUSTRY_Jewelry_MEAN,0.0,0.0,735
20260119_024933,ORGANIZATION_TYPE_Telecom,0.0,0.0,736
20260119_024933,ORGANIZATION_TYPE_Trade_type_1,0.0,0.0,737
20260119_024933,CLOSED_CREDIT_DAY_OVERDUE_MAX,0.0,0.0,738
20260119_024933,PREV_NAME_GOODS_CATEGORY_Weapon_MEAN,0.0,0.0,739
20260119_024933,CLOSED_AMT_CREDIT_SUM_OVERDUE_MEAN,0.0,0.0,740
20260119_024933,PREV_NAME_GOODS_CATEGORY_nan_MEAN,0.0,0.0,741
20260119_024933,POS_NAME_CONTRACT_STATUS_Canceled_MEAN,0.0,0.0,742
20260119_024933,PREV_NAME_PAYMENT_TYPE_Cashless_from_the_account_of_the_employer_MEAN,0.0,0.0,743
20260119_024933,POS_NAME_CONTRACT_STATUS_Amortized_debt_MEAN,0.0,0.0,744
20260119_024933,PREV_NAME_PAYMENT_TYPE_nan_MEAN,0.0,0.0,745
20260119_024933,PREV_NAME_PORTFOLIO_Cars_MEAN,0.0,0.0,746
20260119_024933,ORGANIZATION_TYPE_Trade_type_4,0.0,0.0,747
20260119_024933,CLOSED_CREDIT_DAY_OVERDUE_MEAN,0.0,0.0,748
20260119_024933,PREV_NAME_PORTFOLIO_nan_MEAN,0.0,0.0,749
20260119_024933,PREV_NAME_PRODUCT_TYPE_nan_MEAN,0.0,0.0,750
20260119_024933,ORGANIZATION_TYPE_Transport_type_2,0.0,0.0,751
20260119_024933,ORGANIZATION_TYPE_Transport_type_1,0.0,0.0,752
20260119_024933,ORGANIZATION_TYPE_Trade_type_6,0.0,0.0,753
20260119_024933,ORGANIZATION_TYPE_Trade_type_5,0.0,0.0,754
20260119_024933,HOUSETYPE_MODE_terraced_house,0.0,0.0,755
